{
  "C1N2_Wh_hbb_1000_0": {
    "CLs_exp": [
      0.049881283909248945,
      0.12644816834838152,
      0.2925807785369051,
      0.5694150123889181,
      0.8475967793118797
    ],
    "CLs_obs": 0.5856792446925224,
    "fit_time": 15.029234886169434,
    "mass_hypotheses": [
      1000,
      0
    ]
  },
  "C1N2_Wh_hbb_1000_100": {
    "CLs_exp": [
      0.0402726329509037,
      0.10820241200800154,
      0.26436654107808655,
      0.5393446666990561,
      0.8305110704173561
    ],
    "CLs_obs": 0.5761585171451746,
    "fit_time": 15.11829400062561,
    "mass_hypotheses": [
      1000,
      100
    ]
  },
  "C1N2_Wh_hbb_1000_150": {
    "CLs_exp": [
      0.05334206220542636,
      0.13275495796323286,
      0.3019373808386666,
      0.5789794586063224,
      0.8528074557651808
    ],
    "CLs_obs": 0.588906432964113,
    "fit_time": 14.984479904174805,
    "mass_hypotheses": [
      1000,
      150
    ]
  },
  "C1N2_Wh_hbb_1000_200": {
    "CLs_exp": [
      0.06456411314271412,
      0.15240835390869198,
      0.3299649584389567,
      0.6065263595779855,
      0.8672405671396843
    ],
    "CLs_obs": 0.5987898308201145,
    "fit_time": 15.30884575843811,
    "mass_hypotheses": [
      1000,
      200
    ]
  },
  "C1N2_Wh_hbb_1000_250": {
    "CLs_exp": [
      0.06915143557434385,
      0.1601349190608086,
      0.3405596992034752,
      0.6165362063428518,
      0.8722808921418269
    ],
    "CLs_obs": 0.6026128204310839,
    "fit_time": 15.251844882965088,
    "mass_hypotheses": [
      1000,
      250
    ]
  }
}
